timestamp_extraccion,ubicacion_id,ubicacion_nombre,ciudad,latitud,longitud,proveedor,owner,tipo_instrumento,es_movil,es_monitor,fecha_primer_dato,fecha_ultimo_dato,timezone,total_sensores,parametros_disponibles
2025-08-08T21:14:55.777594,25,Parque O'Higgins,Santiago,-33.464142,-70.660797,Chile - SINCA,Unknown Governmental Organization,Government Monitor,False,True,2016-01-30T01:00:00Z,2025-08-08T22:00:00Z,America/Santiago,6,"co, no2, o3, pm10, pm25, so2"
2025-08-08T21:15:04.844712,27,Concón,Concón,-32.924568,-71.515399,Chile - SINCA,Unknown Governmental Organization,Government Monitor,False,True,2016-01-30T01:00:00Z,2025-08-08T23:00:00Z,America/Santiago,6,"co, no2, o3, pm10, pm25, so2"
2025-08-08T21:15:14.536345,45,Puente Alto,Puente Alto,-33.591390623022,-70.594788,Chile - SINCA,Unknown Governmental Organization,Government Monitor,False,True,2016-01-30T01:00:00Z,2025-08-08T22:00:00Z,America/Santiago,6,"co, no2, o3, pm10, pm25, so2"
2025-08-08T21:15:23.897959,47,Valparaiso,Valparaíso,-33.049743798096,-71.614167231712,Chile - SINCA,Unknown Governmental Organization,Government Monitor,False,True,2016-01-30T01:00:00Z,2025-08-08T22:00:00Z,America/Santiago,6,"co, no2, o3, pm10, pm25, so2"
2025-08-08T21:15:33.295457,54,Talagante,Talagante,-33.673752071375,-70.953064737434,Chile - SINCA,Unknown Governmental Organization,Government Monitor,False,True,2016-01-30T01:00:00Z,2025-08-08T22:00:00Z,America/Santiago,6,"co, no2, o3, pm10, pm25, so2"
2025-08-08T21:15:45.629655,65,Punteras,Chiguayante,-36.923329602986,-73.036132300941,Chile - SINCA,Unknown Governmental Organization,Government Monitor,False,True,2016-01-30T01:00:00Z,2025-08-08T23:00:00Z,America/Santiago,6,"co, no2, o3, pm10, pm25, so2"
2025-08-08T21:15:56.057052,67,Ventanas,Sin ciudad,-32.77898790221,-71.373031276855,Chile - SINCA,Unknown Governmental Organization,Government Monitor,False,True,2016-02-12T05:00:00Z,2018-08-29T18:00:00Z,America/Santiago,6,"co, no2, o3, pm10, pm25, so2"
2025-08-08T21:16:05.057164,73,Coyhaique II,Coyhaique,-45.579045667164,-72.049964505825,Chile - SINCA,Unknown Governmental Organization,Government Monitor,False,True,2016-01-30T01:00:00Z,2025-08-08T23:00:00Z,America/Santiago,6,"co, no2, o3, pm10, pm25, so2"
2025-08-08T21:16:14.409056,145,Escuela E-10,Sin ciudad,-22.087,-70.193253,Chile - SINCA,Unknown Governmental Organization,Government Monitor,False,True,2016-01-30T01:00:00Z,2016-02-24T21:00:00Z,America/Santiago,6,"co, no2, o3, pm10, pm25, so2"
2025-08-08T21:16:24.365953,299,Quilicura,Sin ciudad,-33.365775677885,-70.748288055225,Chile - SINCA,Unknown Governmental Organization,Government Monitor,False,True,2016-01-30T01:00:00Z,2016-04-27T16:00:00Z,America/Santiago,6,"co, no2, o3, pm10, pm25, so2"
2025-08-08T21:16:37.319508,377,Sur,Sin ciudad,-32.800981,-71.483371,Chile - SINCA,Unknown Governmental Organization,Government Monitor,False,True,2016-02-12T05:00:00Z,2018-08-29T18:00:00Z,America/Santiago,6,"co, no2, o3, pm10, pm25, so2"
2025-08-08T21:16:46.925690,388,Lota rural,Coronel,-37.100696257418,-73.155760394707,Chile - SINCA,Unknown Governmental Organization,Government Monitor,False,True,2016-01-30T01:00:00Z,2025-08-08T23:00:00Z,America/Santiago,6,"co, no2, o3, pm10, pm25, so2"
2025-08-08T21:16:56.666821,399,Puren,Chillán,-36.616167751711,-72.093040558483,Chile - SINCA,Unknown Governmental Organization,Government Monitor,False,True,2016-01-30T01:00:00Z,2025-08-08T22:00:00Z,America/Santiago,6,"co, no2, o3, pm10, pm25, so2"
2025-08-08T21:17:06.042619,725,Independencia,Sin ciudad,-33.422301,-70.651162,Chile - SINCA,Unknown Governmental Organization,Government Monitor,False,True,2016-01-30T01:00:00Z,2021-08-08T04:00:00Z,America/Santiago,6,"co, no2, o3, pm10, pm25, so2"
2025-08-08T21:17:16.129757,808,Indura,Talcahuano,-36.769803,-73.113708,Chile - SINCA,Unknown Governmental Organization,Government Monitor,False,True,2016-01-30T01:00:00Z,2025-08-08T23:00:00Z,America/Santiago,6,"co, no2, o3, pm10, pm25, so2"
2025-08-08T21:17:29.016593,810,JUNJI,Hualpén,-36.780632,-73.115657,Chile - SINCA,Unknown Governmental Organization,Government Monitor,False,True,2016-01-30T01:00:00Z,2025-08-08T23:00:00Z,America/Santiago,6,"co, no2, o3, pm10, pm25, so2"
2025-08-08T21:17:38.436119,812,ENAP Price,Hualpén,-36.791231,-73.119152,Chile - SINCA,Unknown Governmental Organization,Government Monitor,False,True,2016-01-30T01:00:00Z,2025-08-08T23:00:00Z,America/Santiago,6,"co, no2, o3, pm10, pm25, so2"
2025-08-08T21:17:47.448733,830,Sierra Gorda ,Sierra Gorda,-22.888724142633,-69.318140714844,Chile - SINCA,Unknown Governmental Organization,Government Monitor,False,True,2016-01-30T01:00:00Z,2024-06-07T20:00:00Z,America/Santiago,6,"co, no2, o3, pm10, pm25, so2"
2025-08-08T21:17:57.190769,849,El Bosque (Acreditada),El Bosque,-33.547099645619,-70.666204101852,Chile - SINCA,Unknown Governmental Organization,Government Monitor,False,True,2016-01-30T01:00:00Z,2025-03-11T13:00:00Z,America/Santiago,6,"co, no2, o3, pm10, pm25, so2"
2025-08-08T21:18:06.843468,850,Rancagua II,Rancagua,-34.143888375919,-70.737131207664,Chile - SINCA,Unknown Governmental Organization,Government Monitor,False,True,2016-01-30T01:00:00Z,2025-08-08T23:00:00Z,America/Santiago,6,"co, no2, o3, pm10, pm25, so2"
2025-08-08T21:18:18.874412,852,La Florida (Acreditada),La Florida,-33.516630362266,-70.588123961971,Chile - SINCA,Unknown Governmental Organization,Government Monitor,False,True,2016-01-30T01:00:00Z,2025-08-08T23:00:00Z,America/Santiago,6,"co, no2, o3, pm10, pm25, so2"
2025-08-08T21:18:28.517045,909,Progreso,Sin ciudad,-37.068142,-72.289451,Chile - SINCA,Unknown Governmental Organization,Government Monitor,False,True,2016-01-30T01:00:00Z,2017-11-13T14:00:00Z,America/Santiago,6,"co, no2, o3, pm10, pm25, so2"
2025-08-08T21:18:37.144770,933,Valle Alegre,Quintero,-32.807512,-71.436274,Chile - SINCA,Unknown Governmental Organization,Government Monitor,False,True,2016-02-12T05:00:00Z,2025-08-08T23:00:00Z,America/Santiago,6,"co, no2, o3, pm10, pm25, so2"
2025-08-08T21:18:47.096869,941,Los Maitenes,Puchuncaví,-32.764139,-71.454494,Chile - SINCA,Unknown Governmental Organization,Government Monitor,False,True,2016-02-12T05:00:00Z,2025-08-08T23:00:00Z,America/Santiago,6,"co, no2, o3, pm10, pm25, so2"
2025-08-08T21:18:56.891647,963,Universidad de Talca,Talca,-35.406582744695,-71.633396474869,Chile - SINCA,Unknown Governmental Organization,Government Monitor,False,True,2016-01-30T01:00:00Z,2025-08-08T21:00:00Z,America/Santiago,6,"co, no2, o3, pm10, pm25, so2"
2025-08-08T21:19:09.268582,967,Pudahuel (Acreditada),Pudahuel,-33.437811379126,-70.750171233135,Chile - SINCA,Unknown Governmental Organization,Government Monitor,False,True,2016-01-30T01:00:00Z,2025-08-08T22:00:00Z,America/Santiago,6,"co, no2, o3, pm10, pm25, so2"
2025-08-08T21:19:19.262664,975,Viña del Mar,Viña del Mar,-33.020419817382,-71.550092842922,Chile - SINCA,Unknown Governmental Organization,Government Monitor,False,True,2016-01-30T01:00:00Z,2025-08-08T23:00:00Z,America/Santiago,6,"co, no2, o3, pm10, pm25, so2"
2025-08-08T21:19:29.162173,990,Valdivia,Valdivia,-39.831316104673,-73.22851282209,Chile - SINCA,Unknown Governmental Organization,Government Monitor,False,True,2016-01-30T01:00:00Z,2025-07-24T19:00:00Z,America/Santiago,6,"co, no2, o3, pm10, pm25, so2"
2025-08-08T21:19:39.234793,997,Rancagua I,Rancagua,-34.162314609087,-70.713919225517,Chile - SINCA,Unknown Governmental Organization,Government Monitor,False,True,2016-01-30T01:00:00Z,2025-08-08T23:00:00Z,America/Santiago,6,"co, no2, o3, pm10, pm25, so2"
2025-08-08T21:19:48.511652,1605,U.C. Maule,Talca,-35.435725588722,-71.619553864003,Chile - SINCA,Unknown Governmental Organization,Government Monitor,False,True,2016-01-30T02:00:00Z,2025-08-08T23:00:00Z,America/Santiago,6,"co, no2, o3, pm10, pm25, so2"
2025-08-08T21:20:01.252825,2198,Osorno,Osorno,-40.584478665958,-73.11871982209,Chile - SINCA,Unknown Governmental Organization,Government Monitor,False,True,2016-01-30T01:00:00Z,2025-08-08T12:00:00Z,America/Santiago,6,"co, no2, o3, pm10, pm25, so2"
2025-08-08T21:20:10.666532,2266,Quilpue,Sin ciudad,-33.047466597243,-71.434512871895,Chile - SINCA,Unknown Governmental Organization,Government Monitor,False,True,2016-01-30T01:00:00Z,2017-06-28T17:00:00Z,America/Santiago,6,"co, no2, o3, pm10, pm25, so2"
2025-08-08T21:20:20.857900,2268,Quilicura,Quilicura,-33.349626928347,-70.723792612552,Chile - SINCA,Unknown Governmental Organization,Government Monitor,False,True,2016-04-27T22:00:00Z,2025-08-08T23:00:00Z,America/Santiago,6,"co, no2, o3, pm10, pm25, so2"
2025-08-08T21:20:30.985729,2284,Quillón,Sin ciudad,-36.743905,-72.47721,Chile - SINCA,Unknown Governmental Organization,Government Monitor,False,True,2016-01-30T01:00:00Z,2017-12-02T07:00:00Z,America/Santiago,6,"co, no2, o3, pm10, pm25, so2"
2025-08-08T21:20:40.700368,2332,Rengo,Rengo,-34.394541417902,-70.852981542328,Chile - SINCA,Unknown Governmental Organization,Government Monitor,False,True,2016-01-30T01:00:00Z,2025-08-08T23:00:00Z,America/Santiago,6,"co, no2, o3, pm10, pm25, so2"
2025-08-08T21:20:52.970124,2432,Estación Centro,Calama,-22.462144644633998,-68.92806169339,Chile - SINCA,Unknown Governmental Organization,Government Monitor,False,True,2016-02-05T13:00:00Z,2025-08-08T22:00:00Z,America/Santiago,6,"co, no2, o3, pm10, pm25, so2"
2025-08-08T21:21:02.932887,2497,Santa Margarita,Catemu,-32.776573,-70.938144,Chile - SINCA,Unknown Governmental Organization,Government Monitor,False,True,2016-01-30T01:00:00Z,2025-08-08T23:00:00Z,America/Santiago,6,"co, no2, o3, pm10, pm25, so2"
2025-08-08T21:21:13.048940,2528,Lota urbana,Coronel,-37.077619809695,-73.154136498581,Chile - SINCA,Unknown Governmental Organization,Government Monitor,False,True,2016-01-30T01:00:00Z,2025-08-08T23:00:00Z,America/Santiago,6,"co, no2, o3, pm10, pm25, so2"
2025-08-08T21:21:22.604009,2575,Romeral,Catemu,-32.823956,-71.006441,Chile - SINCA,Unknown Governmental Organization,Government Monitor,False,True,2016-01-30T01:00:00Z,2025-08-08T23:00:00Z,America/Santiago,6,"co, no2, o3, pm10, pm25, so2"
2025-08-08T21:21:31.774041,25,Parque O'Higgins,Santiago,-33.464142,-70.660797,Chile - SINCA,Unknown Governmental Organization,Government Monitor,False,True,2016-01-30T01:00:00Z,2025-08-08T22:00:00Z,America/Santiago,6,"co, no2, o3, pm10, pm25, so2"
2025-08-08T21:21:44.878634,27,Concón,Concón,-32.924568,-71.515399,Chile - SINCA,Unknown Governmental Organization,Government Monitor,False,True,2016-01-30T01:00:00Z,2025-08-08T23:00:00Z,America/Santiago,6,"co, no2, o3, pm10, pm25, so2"
2025-08-08T21:21:54.461805,45,Puente Alto,Puente Alto,-33.591390623022,-70.594788,Chile - SINCA,Unknown Governmental Organization,Government Monitor,False,True,2016-01-30T01:00:00Z,2025-08-08T22:00:00Z,America/Santiago,6,"co, no2, o3, pm10, pm25, so2"
2025-08-08T21:22:04.324934,47,Valparaiso,Valparaíso,-33.049743798096,-71.614167231712,Chile - SINCA,Unknown Governmental Organization,Government Monitor,False,True,2016-01-30T01:00:00Z,2025-08-08T22:00:00Z,America/Santiago,6,"co, no2, o3, pm10, pm25, so2"
2025-08-08T21:22:13.805414,54,Talagante,Talagante,-33.673752071375,-70.953064737434,Chile - SINCA,Unknown Governmental Organization,Government Monitor,False,True,2016-01-30T01:00:00Z,2025-08-08T22:00:00Z,America/Santiago,6,"co, no2, o3, pm10, pm25, so2"
2025-08-08T21:22:23.623912,65,Punteras,Chiguayante,-36.923329602986,-73.036132300941,Chile - SINCA,Unknown Governmental Organization,Government Monitor,False,True,2016-01-30T01:00:00Z,2025-08-08T23:00:00Z,America/Santiago,6,"co, no2, o3, pm10, pm25, so2"
2025-08-08T21:22:36.010351,67,Ventanas,Sin ciudad,-32.77898790221,-71.373031276855,Chile - SINCA,Unknown Governmental Organization,Government Monitor,False,True,2016-02-12T05:00:00Z,2018-08-29T18:00:00Z,America/Santiago,6,"co, no2, o3, pm10, pm25, so2"
2025-08-08T21:22:45.861906,73,Coyhaique II,Coyhaique,-45.579045667164,-72.049964505825,Chile - SINCA,Unknown Governmental Organization,Government Monitor,False,True,2016-01-30T01:00:00Z,2025-08-08T23:00:00Z,America/Santiago,6,"co, no2, o3, pm10, pm25, so2"
2025-08-08T21:22:55.634397,145,Escuela E-10,Sin ciudad,-22.087,-70.193253,Chile - SINCA,Unknown Governmental Organization,Government Monitor,False,True,2016-01-30T01:00:00Z,2016-02-24T21:00:00Z,America/Santiago,6,"co, no2, o3, pm10, pm25, so2"
2025-08-08T21:23:05.889603,299,Quilicura,Sin ciudad,-33.365775677885,-70.748288055225,Chile - SINCA,Unknown Governmental Organization,Government Monitor,False,True,2016-01-30T01:00:00Z,2016-04-27T16:00:00Z,America/Santiago,6,"co, no2, o3, pm10, pm25, so2"
2025-08-08T21:23:15.401354,377,Sur,Sin ciudad,-32.800981,-71.483371,Chile - SINCA,Unknown Governmental Organization,Government Monitor,False,True,2016-02-12T05:00:00Z,2018-08-29T18:00:00Z,America/Santiago,6,"co, no2, o3, pm10, pm25, so2"
2025-08-08T21:23:27.858454,388,Lota rural,Coronel,-37.100696257418,-73.155760394707,Chile - SINCA,Unknown Governmental Organization,Government Monitor,False,True,2016-01-30T01:00:00Z,2025-08-08T23:00:00Z,America/Santiago,6,"co, no2, o3, pm10, pm25, so2"
2025-08-08T21:23:37.344243,399,Puren,Chillán,-36.616167751711,-72.093040558483,Chile - SINCA,Unknown Governmental Organization,Government Monitor,False,True,2016-01-30T01:00:00Z,2025-08-08T22:00:00Z,America/Santiago,6,"co, no2, o3, pm10, pm25, so2"
2025-08-08T21:23:46.768343,725,Independencia,Sin ciudad,-33.422301,-70.651162,Chile - SINCA,Unknown Governmental Organization,Government Monitor,False,True,2016-01-30T01:00:00Z,2021-08-08T04:00:00Z,America/Santiago,6,"co, no2, o3, pm10, pm25, so2"
2025-08-08T21:23:55.954970,808,Indura,Talcahuano,-36.769803,-73.113708,Chile - SINCA,Unknown Governmental Organization,Government Monitor,False,True,2016-01-30T01:00:00Z,2025-08-08T23:00:00Z,America/Santiago,6,"co, no2, o3, pm10, pm25, so2"
2025-08-08T21:24:05.586329,810,JUNJI,Hualpén,-36.780632,-73.115657,Chile - SINCA,Unknown Governmental Organization,Government Monitor,False,True,2016-01-30T01:00:00Z,2025-08-08T23:00:00Z,America/Santiago,6,"co, no2, o3, pm10, pm25, so2"
2025-08-08T21:24:17.717987,812,ENAP Price,Hualpén,-36.791231,-73.119152,Chile - SINCA,Unknown Governmental Organization,Government Monitor,False,True,2016-01-30T01:00:00Z,2025-08-08T23:00:00Z,America/Santiago,6,"co, no2, o3, pm10, pm25, so2"
2025-08-08T21:24:27.588562,830,Sierra Gorda ,Sierra Gorda,-22.888724142633,-69.318140714844,Chile - SINCA,Unknown Governmental Organization,Government Monitor,False,True,2016-01-30T01:00:00Z,2024-06-07T20:00:00Z,America/Santiago,6,"co, no2, o3, pm10, pm25, so2"
2025-08-08T21:24:36.409232,849,El Bosque (Acreditada),El Bosque,-33.547099645619,-70.666204101852,Chile - SINCA,Unknown Governmental Organization,Government Monitor,False,True,2016-01-30T01:00:00Z,2025-03-11T13:00:00Z,America/Santiago,6,"co, no2, o3, pm10, pm25, so2"
2025-08-08T21:24:45.327825,850,Rancagua II,Rancagua,-34.143888375919,-70.737131207664,Chile - SINCA,Unknown Governmental Organization,Government Monitor,False,True,2016-01-30T01:00:00Z,2025-08-08T23:00:00Z,America/Santiago,6,"co, no2, o3, pm10, pm25, so2"
2025-08-08T21:24:54.232822,852,La Florida (Acreditada),La Florida,-33.516630362266,-70.588123961971,Chile - SINCA,Unknown Governmental Organization,Government Monitor,False,True,2016-01-30T01:00:00Z,2025-08-08T23:00:00Z,America/Santiago,6,"co, no2, o3, pm10, pm25, so2"
2025-08-08T21:25:06.344023,909,Progreso,Sin ciudad,-37.068142,-72.289451,Chile - SINCA,Unknown Governmental Organization,Government Monitor,False,True,2016-01-30T01:00:00Z,2017-11-13T14:00:00Z,America/Santiago,6,"co, no2, o3, pm10, pm25, so2"
2025-08-08T21:25:15.893170,933,Valle Alegre,Quintero,-32.807512,-71.436274,Chile - SINCA,Unknown Governmental Organization,Government Monitor,False,True,2016-02-12T05:00:00Z,2025-08-08T23:00:00Z,America/Santiago,6,"co, no2, o3, pm10, pm25, so2"
2025-08-08T21:25:25.398616,941,Los Maitenes,Puchuncaví,-32.764139,-71.454494,Chile - SINCA,Unknown Governmental Organization,Government Monitor,False,True,2016-02-12T05:00:00Z,2025-08-08T23:00:00Z,America/Santiago,6,"co, no2, o3, pm10, pm25, so2"
2025-08-08T21:25:34.650352,963,Universidad de Talca,Talca,-35.406582744695,-71.633396474869,Chile - SINCA,Unknown Governmental Organization,Government Monitor,False,True,2016-01-30T01:00:00Z,2025-08-08T21:00:00Z,America/Santiago,6,"co, no2, o3, pm10, pm25, so2"
2025-08-08T21:25:43.918477,967,Pudahuel (Acreditada),Pudahuel,-33.437811379126,-70.750171233135,Chile - SINCA,Unknown Governmental Organization,Government Monitor,False,True,2016-01-30T01:00:00Z,2025-08-08T22:00:00Z,America/Santiago,6,"co, no2, o3, pm10, pm25, so2"
2025-08-08T21:25:56.163440,975,Viña del Mar,Viña del Mar,-33.020419817382,-71.550092842922,Chile - SINCA,Unknown Governmental Organization,Government Monitor,False,True,2016-01-30T01:00:00Z,2025-08-08T23:00:00Z,America/Santiago,6,"co, no2, o3, pm10, pm25, so2"
2025-08-08T21:26:05.818067,990,Valdivia,Valdivia,-39.831316104673,-73.22851282209,Chile - SINCA,Unknown Governmental Organization,Government Monitor,False,True,2016-01-30T01:00:00Z,2025-07-24T19:00:00Z,America/Santiago,6,"co, no2, o3, pm10, pm25, so2"
2025-08-08T21:26:15.307292,997,Rancagua I,Rancagua,-34.162314609087,-70.713919225517,Chile - SINCA,Unknown Governmental Organization,Government Monitor,False,True,2016-01-30T01:00:00Z,2025-08-08T23:00:00Z,America/Santiago,6,"co, no2, o3, pm10, pm25, so2"
2025-08-08T21:26:23.836713,1605,U.C. Maule,Talca,-35.435725588722,-71.619553864003,Chile - SINCA,Unknown Governmental Organization,Government Monitor,False,True,2016-01-30T02:00:00Z,2025-08-08T23:00:00Z,America/Santiago,6,"co, no2, o3, pm10, pm25, so2"
2025-08-08T21:26:33.300704,2198,Osorno,Osorno,-40.584478665958,-73.11871982209,Chile - SINCA,Unknown Governmental Organization,Government Monitor,False,True,2016-01-30T01:00:00Z,2025-08-08T12:00:00Z,America/Santiago,6,"co, no2, o3, pm10, pm25, so2"
2025-08-08T21:26:45.501704,2266,Quilpue,Sin ciudad,-33.047466597243,-71.434512871895,Chile - SINCA,Unknown Governmental Organization,Government Monitor,False,True,2016-01-30T01:00:00Z,2017-06-28T17:00:00Z,America/Santiago,6,"co, no2, o3, pm10, pm25, so2"
2025-08-08T21:26:55.121214,2268,Quilicura,Quilicura,-33.349626928347,-70.723792612552,Chile - SINCA,Unknown Governmental Organization,Government Monitor,False,True,2016-04-27T22:00:00Z,2025-08-08T23:00:00Z,America/Santiago,6,"co, no2, o3, pm10, pm25, so2"
2025-08-08T21:27:04.265273,2284,Quillón,Sin ciudad,-36.743905,-72.47721,Chile - SINCA,Unknown Governmental Organization,Government Monitor,False,True,2016-01-30T01:00:00Z,2017-12-02T07:00:00Z,America/Santiago,6,"co, no2, o3, pm10, pm25, so2"
2025-08-08T21:27:13.240303,2332,Rengo,Rengo,-34.394541417902,-70.852981542328,Chile - SINCA,Unknown Governmental Organization,Government Monitor,False,True,2016-01-30T01:00:00Z,2025-08-08T23:00:00Z,America/Santiago,6,"co, no2, o3, pm10, pm25, so2"
2025-08-08T21:27:22.618739,2432,Estación Centro,Calama,-22.462144644633998,-68.92806169339,Chile - SINCA,Unknown Governmental Organization,Government Monitor,False,True,2016-02-05T13:00:00Z,2025-08-08T22:00:00Z,America/Santiago,6,"co, no2, o3, pm10, pm25, so2"
2025-08-08T21:27:35.229590,2497,Santa Margarita,Catemu,-32.776573,-70.938144,Chile - SINCA,Unknown Governmental Organization,Government Monitor,False,True,2016-01-30T01:00:00Z,2025-08-08T23:00:00Z,America/Santiago,6,"co, no2, o3, pm10, pm25, so2"
2025-08-08T21:27:44.603555,2528,Lota urbana,Coronel,-37.077619809695,-73.154136498581,Chile - SINCA,Unknown Governmental Organization,Government Monitor,False,True,2016-01-30T01:00:00Z,2025-08-08T23:00:00Z,America/Santiago,6,"co, no2, o3, pm10, pm25, so2"
2025-08-08T21:27:53.582978,2575,Romeral,Catemu,-32.823956,-71.006441,Chile - SINCA,Unknown Governmental Organization,Government Monitor,False,True,2016-01-30T01:00:00Z,2025-08-08T23:00:00Z,America/Santiago,6,"co, no2, o3, pm10, pm25, so2"
2025-08-08T21:28:02.260252,25,Parque O'Higgins,Santiago,-33.464142,-70.660797,Chile - SINCA,Unknown Governmental Organization,Government Monitor,False,True,2016-01-30T01:00:00Z,2025-08-08T22:00:00Z,America/Santiago,6,"co, no2, o3, pm10, pm25, so2"
2025-08-08T21:28:11.193126,27,Concón,Concón,-32.924568,-71.515399,Chile - SINCA,Unknown Governmental Organization,Government Monitor,False,True,2016-01-30T01:00:00Z,2025-08-08T23:00:00Z,America/Santiago,6,"co, no2, o3, pm10, pm25, so2"
2025-08-08T21:28:23.218661,45,Puente Alto,Puente Alto,-33.591390623022,-70.594788,Chile - SINCA,Unknown Governmental Organization,Government Monitor,False,True,2016-01-30T01:00:00Z,2025-08-08T22:00:00Z,America/Santiago,6,"co, no2, o3, pm10, pm25, so2"
2025-08-08T21:28:32.457912,47,Valparaiso,Valparaíso,-33.049743798096,-71.614167231712,Chile - SINCA,Unknown Governmental Organization,Government Monitor,False,True,2016-01-30T01:00:00Z,2025-08-08T22:00:00Z,America/Santiago,6,"co, no2, o3, pm10, pm25, so2"
2025-08-08T21:28:41.425781,54,Talagante,Talagante,-33.673752071375,-70.953064737434,Chile - SINCA,Unknown Governmental Organization,Government Monitor,False,True,2016-01-30T01:00:00Z,2025-08-08T22:00:00Z,America/Santiago,6,"co, no2, o3, pm10, pm25, so2"
2025-08-08T21:28:50.679818,65,Punteras,Chiguayante,-36.923329602986,-73.036132300941,Chile - SINCA,Unknown Governmental Organization,Government Monitor,False,True,2016-01-30T01:00:00Z,2025-08-08T23:00:00Z,America/Santiago,6,"co, no2, o3, pm10, pm25, so2"
2025-08-08T21:28:59.985020,67,Ventanas,Sin ciudad,-32.77898790221,-71.373031276855,Chile - SINCA,Unknown Governmental Organization,Government Monitor,False,True,2016-02-12T05:00:00Z,2018-08-29T18:00:00Z,America/Santiago,6,"co, no2, o3, pm10, pm25, so2"
2025-08-08T21:29:12.175068,73,Coyhaique II,Coyhaique,-45.579045667164,-72.049964505825,Chile - SINCA,Unknown Governmental Organization,Government Monitor,False,True,2016-01-30T01:00:00Z,2025-08-08T23:00:00Z,America/Santiago,6,"co, no2, o3, pm10, pm25, so2"
2025-08-08T21:29:21.182594,145,Escuela E-10,Sin ciudad,-22.087,-70.193253,Chile - SINCA,Unknown Governmental Organization,Government Monitor,False,True,2016-01-30T01:00:00Z,2016-02-24T21:00:00Z,America/Santiago,6,"co, no2, o3, pm10, pm25, so2"
2025-08-08T21:29:30.245093,299,Quilicura,Sin ciudad,-33.365775677885,-70.748288055225,Chile - SINCA,Unknown Governmental Organization,Government Monitor,False,True,2016-01-30T01:00:00Z,2016-04-27T16:00:00Z,America/Santiago,6,"co, no2, o3, pm10, pm25, so2"
2025-08-08T21:29:39.265075,377,Sur,Sin ciudad,-32.800981,-71.483371,Chile - SINCA,Unknown Governmental Organization,Government Monitor,False,True,2016-02-12T05:00:00Z,2018-08-29T18:00:00Z,America/Santiago,6,"co, no2, o3, pm10, pm25, so2"
2025-08-08T21:29:48.627601,388,Lota rural,Coronel,-37.100696257418,-73.155760394707,Chile - SINCA,Unknown Governmental Organization,Government Monitor,False,True,2016-01-30T01:00:00Z,2025-08-08T23:00:00Z,America/Santiago,6,"co, no2, o3, pm10, pm25, so2"
2025-08-08T21:30:00.618416,399,Puren,Chillán,-36.616167751711,-72.093040558483,Chile - SINCA,Unknown Governmental Organization,Government Monitor,False,True,2016-01-30T01:00:00Z,2025-08-08T22:00:00Z,America/Santiago,6,"co, no2, o3, pm10, pm25, so2"
2025-08-08T21:30:10.855388,725,Independencia,Sin ciudad,-33.422301,-70.651162,Chile - SINCA,Unknown Governmental Organization,Government Monitor,False,True,2016-01-30T01:00:00Z,2021-08-08T04:00:00Z,America/Santiago,6,"co, no2, o3, pm10, pm25, so2"
2025-08-08T21:30:20.537625,808,Indura,Talcahuano,-36.769803,-73.113708,Chile - SINCA,Unknown Governmental Organization,Government Monitor,False,True,2016-01-30T01:00:00Z,2025-08-08T23:00:00Z,America/Santiago,6,"co, no2, o3, pm10, pm25, so2"
2025-08-08T21:30:29.838487,810,JUNJI,Hualpén,-36.780632,-73.115657,Chile - SINCA,Unknown Governmental Organization,Government Monitor,False,True,2016-01-30T01:00:00Z,2025-08-08T23:00:00Z,America/Santiago,6,"co, no2, o3, pm10, pm25, so2"
2025-08-08T21:30:39.826972,812,ENAP Price,Hualpén,-36.791231,-73.119152,Chile - SINCA,Unknown Governmental Organization,Government Monitor,False,True,2016-01-30T01:00:00Z,2025-08-08T23:00:00Z,America/Santiago,6,"co, no2, o3, pm10, pm25, so2"
2025-08-08T21:30:52.202457,830,Sierra Gorda ,Sierra Gorda,-22.888724142633,-69.318140714844,Chile - SINCA,Unknown Governmental Organization,Government Monitor,False,True,2016-01-30T01:00:00Z,2024-06-07T20:00:00Z,America/Santiago,6,"co, no2, o3, pm10, pm25, so2"
2025-08-08T21:31:01.916550,849,El Bosque (Acreditada),El Bosque,-33.547099645619,-70.666204101852,Chile - SINCA,Unknown Governmental Organization,Government Monitor,False,True,2016-01-30T01:00:00Z,2025-03-11T13:00:00Z,America/Santiago,6,"co, no2, o3, pm10, pm25, so2"
2025-08-08T21:31:11.645103,850,Rancagua II,Rancagua,-34.143888375919,-70.737131207664,Chile - SINCA,Unknown Governmental Organization,Government Monitor,False,True,2016-01-30T01:00:00Z,2025-08-08T23:00:00Z,America/Santiago,6,"co, no2, o3, pm10, pm25, so2"
2025-08-08T21:31:20.464409,852,La Florida (Acreditada),La Florida,-33.516630362266,-70.588123961971,Chile - SINCA,Unknown Governmental Organization,Government Monitor,False,True,2016-01-30T01:00:00Z,2025-08-08T23:00:00Z,America/Santiago,6,"co, no2, o3, pm10, pm25, so2"
2025-08-08T21:31:29.927551,909,Progreso,Sin ciudad,-37.068142,-72.289451,Chile - SINCA,Unknown Governmental Organization,Government Monitor,False,True,2016-01-30T01:00:00Z,2017-11-13T14:00:00Z,America/Santiago,6,"co, no2, o3, pm10, pm25, so2"
2025-08-08T21:31:42.900594,933,Valle Alegre,Quintero,-32.807512,-71.436274,Chile - SINCA,Unknown Governmental Organization,Government Monitor,False,True,2016-02-12T05:00:00Z,2025-08-08T23:00:00Z,America/Santiago,6,"co, no2, o3, pm10, pm25, so2"
2025-08-08T21:31:52.886370,941,Los Maitenes,Puchuncaví,-32.764139,-71.454494,Chile - SINCA,Unknown Governmental Organization,Government Monitor,False,True,2016-02-12T05:00:00Z,2025-08-08T23:00:00Z,America/Santiago,6,"co, no2, o3, pm10, pm25, so2"
2025-08-08T21:32:02.906316,963,Universidad de Talca,Talca,-35.406582744695,-71.633396474869,Chile - SINCA,Unknown Governmental Organization,Government Monitor,False,True,2016-01-30T01:00:00Z,2025-08-08T21:00:00Z,America/Santiago,6,"co, no2, o3, pm10, pm25, so2"
2025-08-08T21:32:11.786209,967,Pudahuel (Acreditada),Pudahuel,-33.437811379126,-70.750171233135,Chile - SINCA,Unknown Governmental Organization,Government Monitor,False,True,2016-01-30T01:00:00Z,2025-08-08T22:00:00Z,America/Santiago,6,"co, no2, o3, pm10, pm25, so2"
2025-08-08T21:32:21.793487,975,Viña del Mar,Viña del Mar,-33.020419817382,-71.550092842922,Chile - SINCA,Unknown Governmental Organization,Government Monitor,False,True,2016-01-30T01:00:00Z,2025-08-08T23:00:00Z,America/Santiago,6,"co, no2, o3, pm10, pm25, so2"
2025-08-08T21:32:34.158299,990,Valdivia,Valdivia,-39.831316104673,-73.22851282209,Chile - SINCA,Unknown Governmental Organization,Government Monitor,False,True,2016-01-30T01:00:00Z,2025-07-24T19:00:00Z,America/Santiago,6,"co, no2, o3, pm10, pm25, so2"
2025-08-08T21:32:43.577836,997,Rancagua I,Rancagua,-34.162314609087,-70.713919225517,Chile - SINCA,Unknown Governmental Organization,Government Monitor,False,True,2016-01-30T01:00:00Z,2025-08-08T23:00:00Z,America/Santiago,6,"co, no2, o3, pm10, pm25, so2"
2025-08-08T21:32:52.511709,1605,U.C. Maule,Talca,-35.435725588722,-71.619553864003,Chile - SINCA,Unknown Governmental Organization,Government Monitor,False,True,2016-01-30T02:00:00Z,2025-08-08T23:00:00Z,America/Santiago,6,"co, no2, o3, pm10, pm25, so2"
2025-08-08T21:33:01.481262,2198,Osorno,Osorno,-40.584478665958,-73.11871982209,Chile - SINCA,Unknown Governmental Organization,Government Monitor,False,True,2016-01-30T01:00:00Z,2025-08-08T12:00:00Z,America/Santiago,6,"co, no2, o3, pm10, pm25, so2"
2025-08-08T21:33:10.517467,2266,Quilpue,Sin ciudad,-33.047466597243,-71.434512871895,Chile - SINCA,Unknown Governmental Organization,Government Monitor,False,True,2016-01-30T01:00:00Z,2017-06-28T17:00:00Z,America/Santiago,6,"co, no2, o3, pm10, pm25, so2"
2025-08-08T21:33:22.597352,2268,Quilicura,Quilicura,-33.349626928347,-70.723792612552,Chile - SINCA,Unknown Governmental Organization,Government Monitor,False,True,2016-04-27T22:00:00Z,2025-08-08T23:00:00Z,America/Santiago,6,"co, no2, o3, pm10, pm25, so2"
2025-08-08T21:33:32.309555,2284,Quillón,Sin ciudad,-36.743905,-72.47721,Chile - SINCA,Unknown Governmental Organization,Government Monitor,False,True,2016-01-30T01:00:00Z,2017-12-02T07:00:00Z,America/Santiago,6,"co, no2, o3, pm10, pm25, so2"
2025-08-08T21:33:41.426854,2332,Rengo,Rengo,-34.394541417902,-70.852981542328,Chile - SINCA,Unknown Governmental Organization,Government Monitor,False,True,2016-01-30T01:00:00Z,2025-08-08T23:00:00Z,America/Santiago,6,"co, no2, o3, pm10, pm25, so2"
2025-08-08T21:33:50.211305,2432,Estación Centro,Calama,-22.462144644633998,-68.92806169339,Chile - SINCA,Unknown Governmental Organization,Government Monitor,False,True,2016-02-05T13:00:00Z,2025-08-08T22:00:00Z,America/Santiago,6,"co, no2, o3, pm10, pm25, so2"
2025-08-08T21:33:59.205687,2497,Santa Margarita,Catemu,-32.776573,-70.938144,Chile - SINCA,Unknown Governmental Organization,Government Monitor,False,True,2016-01-30T01:00:00Z,2025-08-08T23:00:00Z,America/Santiago,6,"co, no2, o3, pm10, pm25, so2"
2025-08-08T21:34:11.566173,2528,Lota urbana,Coronel,-37.077619809695,-73.154136498581,Chile - SINCA,Unknown Governmental Organization,Government Monitor,False,True,2016-01-30T01:00:00Z,2025-08-08T23:00:00Z,America/Santiago,6,"co, no2, o3, pm10, pm25, so2"
2025-08-08T21:34:21.696001,2575,Romeral,Catemu,-32.823956,-71.006441,Chile - SINCA,Unknown Governmental Organization,Government Monitor,False,True,2016-01-30T01:00:00Z,2025-08-08T23:00:00Z,America/Santiago,6,"co, no2, o3, pm10, pm25, so2"
2025-08-08T21:34:30.781634,25,Parque O'Higgins,Santiago,-33.464142,-70.660797,Chile - SINCA,Unknown Governmental Organization,Government Monitor,False,True,2016-01-30T01:00:00Z,2025-08-08T22:00:00Z,America/Santiago,6,"co, no2, o3, pm10, pm25, so2"
2025-08-08T21:34:39.849000,27,Concón,Concón,-32.924568,-71.515399,Chile - SINCA,Unknown Governmental Organization,Government Monitor,False,True,2016-01-30T01:00:00Z,2025-08-08T23:00:00Z,America/Santiago,6,"co, no2, o3, pm10, pm25, so2"
2025-08-08T21:34:49.337079,45,Puente Alto,Puente Alto,-33.591390623022,-70.594788,Chile - SINCA,Unknown Governmental Organization,Government Monitor,False,True,2016-01-30T01:00:00Z,2025-08-08T22:00:00Z,America/Santiago,6,"co, no2, o3, pm10, pm25, so2"
2025-08-08T21:35:02.045017,47,Valparaiso,Valparaíso,-33.049743798096,-71.614167231712,Chile - SINCA,Unknown Governmental Organization,Government Monitor,False,True,2016-01-30T01:00:00Z,2025-08-08T22:00:00Z,America/Santiago,6,"co, no2, o3, pm10, pm25, so2"
2025-08-08T21:35:11.397785,54,Talagante,Talagante,-33.673752071375,-70.953064737434,Chile - SINCA,Unknown Governmental Organization,Government Monitor,False,True,2016-01-30T01:00:00Z,2025-08-08T22:00:00Z,America/Santiago,6,"co, no2, o3, pm10, pm25, so2"
2025-08-08T21:35:20.882281,65,Punteras,Chiguayante,-36.923329602986,-73.036132300941,Chile - SINCA,Unknown Governmental Organization,Government Monitor,False,True,2016-01-30T01:00:00Z,2025-08-08T23:00:00Z,America/Santiago,6,"co, no2, o3, pm10, pm25, so2"
2025-08-08T21:35:30.458664,67,Ventanas,Sin ciudad,-32.77898790221,-71.373031276855,Chile - SINCA,Unknown Governmental Organization,Government Monitor,False,True,2016-02-12T05:00:00Z,2018-08-29T18:00:00Z,America/Santiago,6,"co, no2, o3, pm10, pm25, so2"
2025-08-08T21:35:39.530637,73,Coyhaique II,Coyhaique,-45.579045667164,-72.049964505825,Chile - SINCA,Unknown Governmental Organization,Government Monitor,False,True,2016-01-30T01:00:00Z,2025-08-08T23:00:00Z,America/Santiago,6,"co, no2, o3, pm10, pm25, so2"
2025-08-08T21:35:52.333034,145,Escuela E-10,Sin ciudad,-22.087,-70.193253,Chile - SINCA,Unknown Governmental Organization,Government Monitor,False,True,2016-01-30T01:00:00Z,2016-02-24T21:00:00Z,America/Santiago,6,"co, no2, o3, pm10, pm25, so2"
2025-08-08T21:36:01.989591,299,Quilicura,Sin ciudad,-33.365775677885,-70.748288055225,Chile - SINCA,Unknown Governmental Organization,Government Monitor,False,True,2016-01-30T01:00:00Z,2016-04-27T16:00:00Z,America/Santiago,6,"co, no2, o3, pm10, pm25, so2"
2025-08-08T21:36:11.665370,377,Sur,Sin ciudad,-32.800981,-71.483371,Chile - SINCA,Unknown Governmental Organization,Government Monitor,False,True,2016-02-12T05:00:00Z,2018-08-29T18:00:00Z,America/Santiago,6,"co, no2, o3, pm10, pm25, so2"
2025-08-08T21:36:21.139299,388,Lota rural,Coronel,-37.100696257418,-73.155760394707,Chile - SINCA,Unknown Governmental Organization,Government Monitor,False,True,2016-01-30T01:00:00Z,2025-08-08T23:00:00Z,America/Santiago,6,"co, no2, o3, pm10, pm25, so2"
2025-08-08T21:36:30.928673,399,Puren,Chillán,-36.616167751711,-72.093040558483,Chile - SINCA,Unknown Governmental Organization,Government Monitor,False,True,2016-01-30T01:00:00Z,2025-08-08T22:00:00Z,America/Santiago,6,"co, no2, o3, pm10, pm25, so2"
2025-08-08T21:36:43.437841,725,Independencia,Sin ciudad,-33.422301,-70.651162,Chile - SINCA,Unknown Governmental Organization,Government Monitor,False,True,2016-01-30T01:00:00Z,2021-08-08T04:00:00Z,America/Santiago,6,"co, no2, o3, pm10, pm25, so2"
2025-08-08T21:36:53.227607,808,Indura,Talcahuano,-36.769803,-73.113708,Chile - SINCA,Unknown Governmental Organization,Government Monitor,False,True,2016-01-30T01:00:00Z,2025-08-08T23:00:00Z,America/Santiago,6,"co, no2, o3, pm10, pm25, so2"
2025-08-08T21:37:02.627781,810,JUNJI,Hualpén,-36.780632,-73.115657,Chile - SINCA,Unknown Governmental Organization,Government Monitor,False,True,2016-01-30T01:00:00Z,2025-08-08T23:00:00Z,America/Santiago,6,"co, no2, o3, pm10, pm25, so2"
2025-08-08T21:37:12.729369,812,ENAP Price,Hualpén,-36.791231,-73.119152,Chile - SINCA,Unknown Governmental Organization,Government Monitor,False,True,2016-01-30T01:00:00Z,2025-08-08T23:00:00Z,America/Santiago,6,"co, no2, o3, pm10, pm25, so2"
2025-08-08T21:37:22.670318,830,Sierra Gorda ,Sierra Gorda,-22.888724142633,-69.318140714844,Chile - SINCA,Unknown Governmental Organization,Government Monitor,False,True,2016-01-30T01:00:00Z,2024-06-07T20:00:00Z,America/Santiago,6,"co, no2, o3, pm10, pm25, so2"
2025-08-08T21:37:35.532504,849,El Bosque (Acreditada),El Bosque,-33.547099645619,-70.666204101852,Chile - SINCA,Unknown Governmental Organization,Government Monitor,False,True,2016-01-30T01:00:00Z,2025-03-11T13:00:00Z,America/Santiago,6,"co, no2, o3, pm10, pm25, so2"
2025-08-08T21:37:45.137636,850,Rancagua II,Rancagua,-34.143888375919,-70.737131207664,Chile - SINCA,Unknown Governmental Organization,Government Monitor,False,True,2016-01-30T01:00:00Z,2025-08-08T23:00:00Z,America/Santiago,6,"co, no2, o3, pm10, pm25, so2"
2025-08-08T21:37:53.848410,852,La Florida (Acreditada),La Florida,-33.516630362266,-70.588123961971,Chile - SINCA,Unknown Governmental Organization,Government Monitor,False,True,2016-01-30T01:00:00Z,2025-08-08T23:00:00Z,America/Santiago,6,"co, no2, o3, pm10, pm25, so2"
2025-08-08T21:38:03.312753,909,Progreso,Sin ciudad,-37.068142,-72.289451,Chile - SINCA,Unknown Governmental Organization,Government Monitor,False,True,2016-01-30T01:00:00Z,2017-11-13T14:00:00Z,America/Santiago,6,"co, no2, o3, pm10, pm25, so2"
2025-08-08T21:38:12.366715,933,Valle Alegre,Quintero,-32.807512,-71.436274,Chile - SINCA,Unknown Governmental Organization,Government Monitor,False,True,2016-02-12T05:00:00Z,2025-08-08T23:00:00Z,America/Santiago,6,"co, no2, o3, pm10, pm25, so2"
2025-08-08T21:38:24.213407,941,Los Maitenes,Puchuncaví,-32.764139,-71.454494,Chile - SINCA,Unknown Governmental Organization,Government Monitor,False,True,2016-02-12T05:00:00Z,2025-08-08T23:00:00Z,America/Santiago,6,"co, no2, o3, pm10, pm25, so2"
2025-08-08T21:38:33.670808,963,Universidad de Talca,Talca,-35.406582744695,-71.633396474869,Chile - SINCA,Unknown Governmental Organization,Government Monitor,False,True,2016-01-30T01:00:00Z,2025-08-08T21:00:00Z,America/Santiago,6,"co, no2, o3, pm10, pm25, so2"
2025-08-08T21:38:43.073337,967,Pudahuel (Acreditada),Pudahuel,-33.437811379126,-70.750171233135,Chile - SINCA,Unknown Governmental Organization,Government Monitor,False,True,2016-01-30T01:00:00Z,2025-08-08T22:00:00Z,America/Santiago,6,"co, no2, o3, pm10, pm25, so2"
2025-08-08T21:38:51.780508,975,Viña del Mar,Viña del Mar,-33.020419817382,-71.550092842922,Chile - SINCA,Unknown Governmental Organization,Government Monitor,False,True,2016-01-30T01:00:00Z,2025-08-08T23:00:00Z,America/Santiago,6,"co, no2, o3, pm10, pm25, so2"
2025-08-08T21:39:01.144583,990,Valdivia,Valdivia,-39.831316104673,-73.22851282209,Chile - SINCA,Unknown Governmental Organization,Government Monitor,False,True,2016-01-30T01:00:00Z,2025-07-24T19:00:00Z,America/Santiago,6,"co, no2, o3, pm10, pm25, so2"
2025-08-08T21:39:14.509875,997,Rancagua I,Rancagua,-34.162314609087,-70.713919225517,Chile - SINCA,Unknown Governmental Organization,Government Monitor,False,True,2016-01-30T01:00:00Z,2025-08-08T23:00:00Z,America/Santiago,6,"co, no2, o3, pm10, pm25, so2"
2025-08-08T21:39:24.345050,1605,U.C. Maule,Talca,-35.435725588722,-71.619553864003,Chile - SINCA,Unknown Governmental Organization,Government Monitor,False,True,2016-01-30T02:00:00Z,2025-08-08T23:00:00Z,America/Santiago,6,"co, no2, o3, pm10, pm25, so2"
2025-08-08T21:39:33.374148,2198,Osorno,Osorno,-40.584478665958,-73.11871982209,Chile - SINCA,Unknown Governmental Organization,Government Monitor,False,True,2016-01-30T01:00:00Z,2025-08-08T12:00:00Z,America/Santiago,6,"co, no2, o3, pm10, pm25, so2"
2025-08-08T21:39:42.776267,2266,Quilpue,Sin ciudad,-33.047466597243,-71.434512871895,Chile - SINCA,Unknown Governmental Organization,Government Monitor,False,True,2016-01-30T01:00:00Z,2017-06-28T17:00:00Z,America/Santiago,6,"co, no2, o3, pm10, pm25, so2"
2025-08-08T21:39:51.824487,2268,Quilicura,Quilicura,-33.349626928347,-70.723792612552,Chile - SINCA,Unknown Governmental Organization,Government Monitor,False,True,2016-04-27T22:00:00Z,2025-08-08T23:00:00Z,America/Santiago,6,"co, no2, o3, pm10, pm25, so2"
2025-08-08T21:40:04.164800,2284,Quillón,Sin ciudad,-36.743905,-72.47721,Chile - SINCA,Unknown Governmental Organization,Government Monitor,False,True,2016-01-30T01:00:00Z,2017-12-02T07:00:00Z,America/Santiago,6,"co, no2, o3, pm10, pm25, so2"
2025-08-08T21:40:13.920855,2332,Rengo,Rengo,-34.394541417902,-70.852981542328,Chile - SINCA,Unknown Governmental Organization,Government Monitor,False,True,2016-01-30T01:00:00Z,2025-08-08T23:00:00Z,America/Santiago,6,"co, no2, o3, pm10, pm25, so2"
2025-08-08T21:40:23.736361,2432,Estación Centro,Calama,-22.462144644633998,-68.92806169339,Chile - SINCA,Unknown Governmental Organization,Government Monitor,False,True,2016-02-05T13:00:00Z,2025-08-08T22:00:00Z,America/Santiago,6,"co, no2, o3, pm10, pm25, so2"
2025-08-08T21:40:33.148967,2497,Santa Margarita,Catemu,-32.776573,-70.938144,Chile - SINCA,Unknown Governmental Organization,Government Monitor,False,True,2016-01-30T01:00:00Z,2025-08-08T23:00:00Z,America/Santiago,6,"co, no2, o3, pm10, pm25, so2"
2025-08-08T21:40:43.520896,2528,Lota urbana,Coronel,-37.077619809695,-73.154136498581,Chile - SINCA,Unknown Governmental Organization,Government Monitor,False,True,2016-01-30T01:00:00Z,2025-08-08T23:00:00Z,America/Santiago,6,"co, no2, o3, pm10, pm25, so2"
2025-08-08T21:40:55.818250,2575,Romeral,Catemu,-32.823956,-71.006441,Chile - SINCA,Unknown Governmental Organization,Government Monitor,False,True,2016-01-30T01:00:00Z,2025-08-08T23:00:00Z,America/Santiago,6,"co, no2, o3, pm10, pm25, so2"
2025-08-08T21:41:05.728291,25,Parque O'Higgins,Santiago,-33.464142,-70.660797,Chile - SINCA,Unknown Governmental Organization,Government Monitor,False,True,2016-01-30T01:00:00Z,2025-08-08T22:00:00Z,America/Santiago,6,"co, no2, o3, pm10, pm25, so2"
2025-08-08T21:41:14.798436,27,Concón,Concón,-32.924568,-71.515399,Chile - SINCA,Unknown Governmental Organization,Government Monitor,False,True,2016-01-30T01:00:00Z,2025-08-08T23:00:00Z,America/Santiago,6,"co, no2, o3, pm10, pm25, so2"
2025-08-08T21:41:24.614883,45,Puente Alto,Puente Alto,-33.591390623022,-70.594788,Chile - SINCA,Unknown Governmental Organization,Government Monitor,False,True,2016-01-30T01:00:00Z,2025-08-08T22:00:00Z,America/Santiago,6,"co, no2, o3, pm10, pm25, so2"
2025-08-08T21:41:33.655727,47,Valparaiso,Valparaíso,-33.049743798096,-71.614167231712,Chile - SINCA,Unknown Governmental Organization,Government Monitor,False,True,2016-01-30T01:00:00Z,2025-08-08T22:00:00Z,America/Santiago,6,"co, no2, o3, pm10, pm25, so2"
2025-08-08T21:41:46.062382,54,Talagante,Talagante,-33.673752071375,-70.953064737434,Chile - SINCA,Unknown Governmental Organization,Government Monitor,False,True,2016-01-30T01:00:00Z,2025-08-08T22:00:00Z,America/Santiago,6,"co, no2, o3, pm10, pm25, so2"
2025-08-08T21:41:55.429819,65,Punteras,Chiguayante,-36.923329602986,-73.036132300941,Chile - SINCA,Unknown Governmental Organization,Government Monitor,False,True,2016-01-30T01:00:00Z,2025-08-08T23:00:00Z,America/Santiago,6,"co, no2, o3, pm10, pm25, so2"
2025-08-08T21:42:04.814316,67,Ventanas,Sin ciudad,-32.77898790221,-71.373031276855,Chile - SINCA,Unknown Governmental Organization,Government Monitor,False,True,2016-02-12T05:00:00Z,2018-08-29T18:00:00Z,America/Santiago,6,"co, no2, o3, pm10, pm25, so2"
2025-08-08T21:42:14.552854,73,Coyhaique II,Coyhaique,-45.579045667164,-72.049964505825,Chile - SINCA,Unknown Governmental Organization,Government Monitor,False,True,2016-01-30T01:00:00Z,2025-08-08T23:00:00Z,America/Santiago,6,"co, no2, o3, pm10, pm25, so2"
2025-08-08T21:42:24.331319,145,Escuela E-10,Sin ciudad,-22.087,-70.193253,Chile - SINCA,Unknown Governmental Organization,Government Monitor,False,True,2016-01-30T01:00:00Z,2016-02-24T21:00:00Z,America/Santiago,6,"co, no2, o3, pm10, pm25, so2"
2025-08-08T21:42:36.429506,299,Quilicura,Sin ciudad,-33.365775677885,-70.748288055225,Chile - SINCA,Unknown Governmental Organization,Government Monitor,False,True,2016-01-30T01:00:00Z,2016-04-27T16:00:00Z,America/Santiago,6,"co, no2, o3, pm10, pm25, so2"
2025-08-08T21:42:45.825961,377,Sur,Sin ciudad,-32.800981,-71.483371,Chile - SINCA,Unknown Governmental Organization,Government Monitor,False,True,2016-02-12T05:00:00Z,2018-08-29T18:00:00Z,America/Santiago,6,"co, no2, o3, pm10, pm25, so2"
2025-08-08T21:42:54.873589,388,Lota rural,Coronel,-37.100696257418,-73.155760394707,Chile - SINCA,Unknown Governmental Organization,Government Monitor,False,True,2016-01-30T01:00:00Z,2025-08-08T23:00:00Z,America/Santiago,6,"co, no2, o3, pm10, pm25, so2"
2025-08-08T21:43:04.291505,399,Puren,Chillán,-36.616167751711,-72.093040558483,Chile - SINCA,Unknown Governmental Organization,Government Monitor,False,True,2016-01-30T01:00:00Z,2025-08-08T22:00:00Z,America/Santiago,6,"co, no2, o3, pm10, pm25, so2"
2025-08-08T21:43:13.712356,725,Independencia,Sin ciudad,-33.422301,-70.651162,Chile - SINCA,Unknown Governmental Organization,Government Monitor,False,True,2016-01-30T01:00:00Z,2021-08-08T04:00:00Z,America/Santiago,6,"co, no2, o3, pm10, pm25, so2"
2025-08-08T21:43:26.353674,808,Indura,Talcahuano,-36.769803,-73.113708,Chile - SINCA,Unknown Governmental Organization,Government Monitor,False,True,2016-01-30T01:00:00Z,2025-08-08T23:00:00Z,America/Santiago,6,"co, no2, o3, pm10, pm25, so2"
2025-08-08T21:43:36.207378,810,JUNJI,Hualpén,-36.780632,-73.115657,Chile - SINCA,Unknown Governmental Organization,Government Monitor,False,True,2016-01-30T01:00:00Z,2025-08-08T23:00:00Z,America/Santiago,6,"co, no2, o3, pm10, pm25, so2"
2025-08-08T21:43:45.674604,812,ENAP Price,Hualpén,-36.791231,-73.119152,Chile - SINCA,Unknown Governmental Organization,Government Monitor,False,True,2016-01-30T01:00:00Z,2025-08-08T23:00:00Z,America/Santiago,6,"co, no2, o3, pm10, pm25, so2"
2025-08-08T21:43:54.388236,830,Sierra Gorda ,Sierra Gorda,-22.888724142633,-69.318140714844,Chile - SINCA,Unknown Governmental Organization,Government Monitor,False,True,2016-01-30T01:00:00Z,2024-06-07T20:00:00Z,America/Santiago,6,"co, no2, o3, pm10, pm25, so2"
2025-08-08T21:44:04.454892,849,El Bosque (Acreditada),El Bosque,-33.547099645619,-70.666204101852,Chile - SINCA,Unknown Governmental Organization,Government Monitor,False,True,2016-01-30T01:00:00Z,2025-03-11T13:00:00Z,America/Santiago,6,"co, no2, o3, pm10, pm25, so2"
2025-08-08T21:44:16.826561,850,Rancagua II,Rancagua,-34.143888375919,-70.737131207664,Chile - SINCA,Unknown Governmental Organization,Government Monitor,False,True,2016-01-30T01:00:00Z,2025-08-08T23:00:00Z,America/Santiago,6,"co, no2, o3, pm10, pm25, so2"
2025-08-08T21:44:26.491397,852,La Florida (Acreditada),La Florida,-33.516630362266,-70.588123961971,Chile - SINCA,Unknown Governmental Organization,Government Monitor,False,True,2016-01-30T01:00:00Z,2025-08-08T23:00:00Z,America/Santiago,6,"co, no2, o3, pm10, pm25, so2"
2025-08-08T21:44:36.308502,909,Progreso,Sin ciudad,-37.068142,-72.289451,Chile - SINCA,Unknown Governmental Organization,Government Monitor,False,True,2016-01-30T01:00:00Z,2017-11-13T14:00:00Z,America/Santiago,6,"co, no2, o3, pm10, pm25, so2"
2025-08-08T21:44:45.662427,933,Valle Alegre,Quintero,-32.807512,-71.436274,Chile - SINCA,Unknown Governmental Organization,Government Monitor,False,True,2016-02-12T05:00:00Z,2025-08-08T23:00:00Z,America/Santiago,6,"co, no2, o3, pm10, pm25, so2"
2025-08-08T21:44:55.377136,941,Los Maitenes,Puchuncaví,-32.764139,-71.454494,Chile - SINCA,Unknown Governmental Organization,Government Monitor,False,True,2016-02-12T05:00:00Z,2025-08-08T23:00:00Z,America/Santiago,6,"co, no2, o3, pm10, pm25, so2"
2025-08-08T21:45:08.717671,963,Universidad de Talca,Talca,-35.406582744695,-71.633396474869,Chile - SINCA,Unknown Governmental Organization,Government Monitor,False,True,2016-01-30T01:00:00Z,2025-08-08T21:00:00Z,America/Santiago,6,"co, no2, o3, pm10, pm25, so2"
2025-08-08T21:45:18.086828,967,Pudahuel (Acreditada),Pudahuel,-33.437811379126,-70.750171233135,Chile - SINCA,Unknown Governmental Organization,Government Monitor,False,True,2016-01-30T01:00:00Z,2025-08-08T22:00:00Z,America/Santiago,6,"co, no2, o3, pm10, pm25, so2"
2025-08-08T21:45:27.759453,975,Viña del Mar,Viña del Mar,-33.020419817382,-71.550092842922,Chile - SINCA,Unknown Governmental Organization,Government Monitor,False,True,2016-01-30T01:00:00Z,2025-08-08T23:00:00Z,America/Santiago,6,"co, no2, o3, pm10, pm25, so2"
2025-08-08T21:45:37.198238,990,Valdivia,Valdivia,-39.831316104673,-73.22851282209,Chile - SINCA,Unknown Governmental Organization,Government Monitor,False,True,2016-01-30T01:00:00Z,2025-07-24T19:00:00Z,America/Santiago,6,"co, no2, o3, pm10, pm25, so2"
2025-08-08T21:45:47.050305,997,Rancagua I,Rancagua,-34.162314609087,-70.713919225517,Chile - SINCA,Unknown Governmental Organization,Government Monitor,False,True,2016-01-30T01:00:00Z,2025-08-08T23:00:00Z,America/Santiago,6,"co, no2, o3, pm10, pm25, so2"
2025-08-08T21:45:59.490564,1605,U.C. Maule,Talca,-35.435725588722,-71.619553864003,Chile - SINCA,Unknown Governmental Organization,Government Monitor,False,True,2016-01-30T02:00:00Z,2025-08-08T23:00:00Z,America/Santiago,6,"co, no2, o3, pm10, pm25, so2"
2025-08-08T21:46:08.877304,2198,Osorno,Osorno,-40.584478665958,-73.11871982209,Chile - SINCA,Unknown Governmental Organization,Government Monitor,False,True,2016-01-30T01:00:00Z,2025-08-08T12:00:00Z,America/Santiago,6,"co, no2, o3, pm10, pm25, so2"
2025-08-08T21:46:18.340179,2266,Quilpue,Sin ciudad,-33.047466597243,-71.434512871895,Chile - SINCA,Unknown Governmental Organization,Government Monitor,False,True,2016-01-30T01:00:00Z,2017-06-28T17:00:00Z,America/Santiago,6,"co, no2, o3, pm10, pm25, so2"
2025-08-08T21:46:27.398871,2268,Quilicura,Quilicura,-33.349626928347,-70.723792612552,Chile - SINCA,Unknown Governmental Organization,Government Monitor,False,True,2016-04-27T22:00:00Z,2025-08-08T23:00:00Z,America/Santiago,6,"co, no2, o3, pm10, pm25, so2"
2025-08-08T21:46:37.141140,2284,Quillón,Sin ciudad,-36.743905,-72.47721,Chile - SINCA,Unknown Governmental Organization,Government Monitor,False,True,2016-01-30T01:00:00Z,2017-12-02T07:00:00Z,America/Santiago,6,"co, no2, o3, pm10, pm25, so2"
2025-08-08T21:46:48.963051,2332,Rengo,Rengo,-34.394541417902,-70.852981542328,Chile - SINCA,Unknown Governmental Organization,Government Monitor,False,True,2016-01-30T01:00:00Z,2025-08-08T23:00:00Z,America/Santiago,6,"co, no2, o3, pm10, pm25, so2"
2025-08-08T21:46:58.384194,2432,Estación Centro,Calama,-22.462144644633998,-68.92806169339,Chile - SINCA,Unknown Governmental Organization,Government Monitor,False,True,2016-02-05T13:00:00Z,2025-08-08T22:00:00Z,America/Santiago,6,"co, no2, o3, pm10, pm25, so2"
2025-08-08T21:47:07.103738,2497,Santa Margarita,Catemu,-32.776573,-70.938144,Chile - SINCA,Unknown Governmental Organization,Government Monitor,False,True,2016-01-30T01:00:00Z,2025-08-08T23:00:00Z,America/Santiago,6,"co, no2, o3, pm10, pm25, so2"
2025-08-08T21:47:16.532064,2528,Lota urbana,Coronel,-37.077619809695,-73.154136498581,Chile - SINCA,Unknown Governmental Organization,Government Monitor,False,True,2016-01-30T01:00:00Z,2025-08-08T23:00:00Z,America/Santiago,6,"co, no2, o3, pm10, pm25, so2"
2025-08-08T21:47:25.580707,2575,Romeral,Catemu,-32.823956,-71.006441,Chile - SINCA,Unknown Governmental Organization,Government Monitor,False,True,2016-01-30T01:00:00Z,2025-08-08T23:00:00Z,America/Santiago,6,"co, no2, o3, pm10, pm25, so2"
